{
  "f_dom": {
    "T": 1.01219,
    "O": 1.0038606896551725
  },
  "f_export_US": {
    "T": 43.98199302673339,
    "O": 3.518880310058594
  },
  "f_export_RW": {
    "T": 91.96666950225827,
    "O": 3.587517395019532
  },
  "f_entry_Q": {
    "T": 0.9,
    "O": 0.3
  },
  "f_entry_N": {
    "T": 1.0,
    "O": 1.0
  },
  "fC_mean_T": 0.01,
  "f_upgrade_T": 3.0,
  "moments_fit": {
    "T": {
      "dom_only_target": 0.8927,
      "dom_only_model": 0.9375,
      "exp_US_target": 0.0575,
      "exp_US_model": 0.06249999999999998,
      "exp_RW_target": 0.069,
      "exp_RW_model": 0.06249999999999998,
      "qiz_firm_share_target": 0.8885964912280702,
      "qiz_firm_share_model": 8.984207859156968e-17
    },
    "O": {
      "dom_only_target": 0.8492,
      "dom_only_model": 0.8547893326149172,
      "exp_US_target": 0.0112,
      "exp_US_model": 0.004118667923895032,
      "exp_RW_target": 0.1425,
      "exp_RW_model": 0.14521066738508287,
      "qiz_firm_share_target": 0.8066943435391801,
      "qiz_firm_share_model": 0.8434906188919888
    },
    "Q_T": {
      "compliance_target": 0.321,
      "compliance_model": 0.0,
      "upgrading_target": 0.491,
      "upgrading_model": 0.5
    }
  },
  "qiz_vs_noqiz": {
    "welfare_on": 365250467.3126767,
    "welfare_off": 365127344.31363,
    "welfare_pct": 0.03372056378800892,
    "wQ_on": 1.1836750453768987,
    "wQ_off": 1.183531455828372,
    "wN_on": 0.6371355647455446,
    "wN_off": 0.6372613233221951,
    "QT_on": {
      "active_share": 0.02857142857142857,
      "any_export_share_among_active": 0.0,
      "domestic_only_share_among_active": 1.0,
      "US_export_share_among_active": 0.0,
      "RW_export_share_among_active": 0.0,
      "compliance_share_among_active": 0.0,
      "upgrade_share_among_active": 0.5,
      "upgrade_intensity_among_active": 0.5
    },
    "QT_off": {
      "active_share": 0.02857142857142857,
      "any_export_share_among_active": 0.0,
      "domestic_only_share_among_active": 1.0,
      "US_export_share_among_active": 0.0,
      "RW_export_share_among_active": 0.0,
      "compliance_share_among_active": 0.0,
      "upgrade_share_among_active": 0.5,
      "upgrade_intensity_among_active": 0.5
    },
    "QO_on": {
      "active_share": 0.10000000000000002,
      "any_export_share_among_active": 0.14285714285714282,
      "domestic_only_share_among_active": 0.8571428571428571,
      "US_export_share_among_active": 0.0,
      "RW_export_share_among_active": 0.14285714285714282,
      "compliance_share_among_active": 0.0,
      "upgrade_share_among_active": 0.0,
      "upgrade_intensity_among_active": 0.0
    },
    "QO_off": {
      "active_share": 0.10000000000000002,
      "any_export_share_among_active": 0.14285714285714282,
      "domestic_only_share_among_active": 0.8571428571428571,
      "US_export_share_among_active": 0.0,
      "RW_export_share_among_active": 0.14285714285714282,
      "compliance_share_among_active": 0.0,
      "upgrade_share_among_active": 0.0,
      "upgrade_intensity_among_active": 0.0
    },
    "NT_on": {
      "active_share": 0.11428571428571431,
      "any_export_share_among_active": 0.062499999999999986,
      "domestic_only_share_among_active": 0.9375,
      "US_export_share_among_active": 0.062499999999999986,
      "RW_export_share_among_active": 0.062499999999999986,
      "compliance_share_among_active": 0.0,
      "upgrade_share_among_active": 0.49999999999999994,
      "upgrade_intensity_among_active": 0.49999999999999994
    },
    "NT_off": {
      "active_share": 0.11428571428571431,
      "any_export_share_among_active": 0.062499999999999986,
      "domestic_only_share_among_active": 0.9375,
      "US_export_share_among_active": 0.062499999999999986,
      "RW_export_share_among_active": 0.062499999999999986,
      "compliance_share_among_active": 0.0,
      "upgrade_share_among_active": 0.49999999999999994,
      "upgrade_intensity_among_active": 0.49999999999999994
    },
    "NO_on": {
      "active_share": 0.2714285714285714,
      "any_export_share_among_active": 0.15789473684210528,
      "domestic_only_share_among_active": 0.842105263157895,
      "US_export_share_among_active": 0.026315789473684213,
      "RW_export_share_among_active": 0.15789473684210528,
      "compliance_share_among_active": 0.0,
      "upgrade_share_among_active": 0.0,
      "upgrade_intensity_among_active": 0.0
    },
    "NO_off": {
      "active_share": 0.2714285714285714,
      "any_export_share_among_active": 0.15789473684210528,
      "domestic_only_share_among_active": 0.842105263157895,
      "US_export_share_among_active": 0.026315789473684213,
      "RW_export_share_among_active": 0.15789473684210528,
      "compliance_share_among_active": 0.0,
      "upgrade_share_among_active": 0.0,
      "upgrade_intensity_among_active": 0.0
    }
  }
}