spec,sector,beta,se,ratio,N
1,all,-0.52652, 0.12772, 0.59066,72657
2,all,-1.05198, 0.10283, 0.34924,295014
1,textiles,-0.38653, 0.12568, 0.67941,8455
2,textiles,-0.90239, 0.13292, 0.40560,39494
1,other,-0.71921, 0.24038, 0.48713,64202
2,other,-1.10199, 0.14382, 0.33221,252878
