metric,on_value,off_value,pct_change_on_vs_off
Q Textile Exports to US,4.794934341268259,0.0005359437596148654,894571.1768253347
Q Textile Exports to Non-US,5.460950844288912,0.0012695940755187054,430033.6111747202
Complier Same-Type US Exports (% change),,,376.6846243144405
Complier Same-Type Non-US Exports (% change),,,129.1770252120958
"Complier Share Among Active Q,T",0.49999999999999994,0.0,
