{
  "grouping_1": {
    "O": {
      "Y_EGY": 16766037382.01,
      "X_EGY": 2560205718.48,
      "M_EGY": 8374242420.305,
      "E_EGY": 22580074083.835,
      "Y_US": 3273800950683.59,
      "X_US": 711947881942.0,
      "M_US": 1146425923213.0,
      "E_US": 3708278991954.59,
      "Y_RoW": 12696138489491.5,
      "X_RoW": 6252591387214.556,
      "M_RoW": 5955330782432.077,
      "E_RoW": 12398877884709.021
    },
    "T": {
      "Y_EGY": 2191969099.98,
      "X_EGY": 1007525599.647,
      "M_EGY": 444898290.23399997,
      "E_EGY": 1629341790.5670002,
      "Y_US": 107007455078.13,
      "X_US": 22005827119.0,
      "M_US": 91095581291.0,
      "E_US": 176097209250.13,
      "Y_RoW": 729936135462.85,
      "X_RoW": 457519063534.848,
      "M_RoW": 380492473018.11,
      "E_RoW": 652909544946.1119
    }
  },
  "grouping_2": {
    "O": {
      "Y_EGY": 11808648855.22,
      "X_EGY": 1646337237.055,
      "M_EGY": 6881042392.9470005,
      "E_EGY": 17043354011.112,
      "Y_US": 2442459403808.59,
      "X_US": 611345250064.0,
      "M_US": 1020601608266.0,
      "E_US": 2851715762010.59,
      "Y_RoW": 9702311940416.35,
      "X_RoW": 5386995404464.472,
      "M_RoW": 5057776060725.348,
      "E_RoW": 9373092596677.227
    },
    "S1": {
      "Y_EGY": 5121026583.53,
      "X_EGY": 776707609.004,
      "M_EGY": 2822513040.42,
      "E_EGY": 7166832014.946,
      "Y_US": 623719324218.75,
      "X_US": 57129739664.0,
      "M_US": 57492884999.0,
      "E_US": 624082469553.75,
      "Y_RoW": 2336600123055.32,
      "X_RoW": 506212000685.797,
      "M_RoW": 531548400382.466,
      "E_RoW": 2361936522751.989
    },
    "S2": {
      "Y_EGY": 3496475928.48,
      "X_EGY": 228501807.061,
      "M_EGY": 1168171020.265,
      "E_EGY": 4436145141.684,
      "Y_US": 713970359375.0,
      "X_US": 90864698065.0,
      "M_US": 104257074101.0,
      "E_US": 727362735411.0,
      "Y_RoW": 2420824529768.68,
      "X_RoW": 709549974361.261,
      "M_RoW": 728702331208.595,
      "E_RoW": 2439976886616.014
    },
    "S3": {
      "Y_EGY": 1460912598.31,
      "X_EGY": 685366674.364,
      "M_EGY": 325029007.093,
      "E_EGY": 1100574931.039,
      "Y_US": 117371187500.0,
      "X_US": 9737933813.0,
      "M_US": 21567240846.0,
      "E_US": 129200494533.0,
      "Y_RoW": 573002019306.47,
      "X_RoW": 156046008388.823,
      "M_RoW": 168852390498.134,
      "E_RoW": 585808401415.781
    },
    "T": {
      "Y_EGY": 2191969099.98,
      "X_EGY": 1007525599.647,
      "M_EGY": 444898290.23399997,
      "E_EGY": 1629341790.5670002,
      "Y_US": 107007455078.13,
      "X_US": 22005827119.0,
      "M_US": 91095581291.0,
      "E_US": 176097209250.13,
      "Y_RoW": 729936135462.85,
      "X_RoW": 457519063534.848,
      "M_RoW": 380492473018.11,
      "E_RoW": 652909544946.1119
    }
  }
}